従業員名,従業員名(カナ),勤務形態,入社日,退職,休職,社員番号,所属部署,所定労働時間
田中太郎,タナカタロウ,正社員,2010/04/01,,,1,くまさんチーム,8
パート花子,パートハナコ,パート4,2015/10/01,,,2,くまさんチーム,6
退職次郎,タイショクジロウ,正社員,2000/04/01,退職,,3,たこさんチーム,8
退職三郎,タイショクサブロウ,正社員,2015-4-1,0,,4,たこさんチーム,8
カナ無し太郎,,パート3,2018-04-01,,0,,,4
